OrderID,Region,Product,Salesperson,Units Sold,Unit Price,Order Date,Sales Amount
ORD1000,North,Laptop,Eva,39,1731,01-01-2024,67509
ORD1001,North,Monitor,Alice,29,1595,02-01-2024,46255
ORD1002,East,Laptop,David,15,1356,03-01-2024,20340
ORD1003,South,Laptop,Eva,43,1815,04-01-2024,78045
ORD1004,South,Tablet,Bob,8,1236,05-01-2024,9888
ORD1005,South,Tablet,Charlie,21,1953,06-01-2024,41013
ORD1006,North,Headphones,Alice,39,1620,07-01-2024,63180
ORD1007,North,Headphones,Frank,19,541,08-01-2024,10279
ORD1008,West,Headphones,David,23,663,09-01-2024,15249
ORD1009,North,Tablet,Alice,11,1391,10-01-2024,15301
ORD1010,North,Headphones,Eva,11,1633,11-01-2024,17963
ORD1011,North,Laptop,Grace,24,1930,12-01-2024,46320
ORD1012,South,Tablet,Eva,36,1509,13-01-2024,54324
ORD1013,South,Headphones,Frank,40,1510,14-01-2024,60400
ORD1014,North,Laptop,Frank,24,1236,15-01-2024,29664
ORD1015,South,Headphones,Frank,3,1736,16-01-2024,5208
ORD1016,West,Smartphone,Frank,22,1748,17-01-2024,38456
ORD1017,South,Headphones,Frank,2,1051,18-01-2024,2102
ORD1018,West,Smartphone,Bob,24,1204,19-01-2024,28896
ORD1019,East,Headphones,Charlie,44,798,20-01-2024,35112
ORD1020,North,Monitor,David,30,212,21-01-2024,6360
ORD1021,South,Headphones,Alice,38,101,22-01-2024,3838
ORD1022,West,Tablet,Frank,2,741,23-01-2024,1482
ORD1023,East,Tablet,Charlie,21,319,24-01-2024,6699
ORD1024,East,Smartphone,Eva,33,1689,25-01-2024,55737
ORD1025,South,Tablet,Charlie,12,954,26-01-2024,11448
ORD1026,South,Laptop,Frank,22,1859,27-01-2024,40898
ORD1027,East,Monitor,Grace,44,1348,28-01-2024,59312
ORD1028,North,Monitor,Alice,25,484,29-01-2024,12100
ORD1029,North,Laptop,Frank,49,1526,30-01-2024,74774
ORD1030,West,Smartphone,Charlie,27,1761,31-01-2024,47547
ORD1031,North,Laptop,Eva,42,1253,01-02-2024,52626
ORD1032,East,Laptop,Charlie,28,1176,02-02-2024,32928
ORD1033,East,Monitor,Frank,16,1807,03-02-2024,28912
ORD1034,East,Headphones,David,15,829,04-02-2024,12435
ORD1035,North,Monitor,Charlie,47,1795,05-02-2024,84365
ORD1036,West,Monitor,David,44,1833,06-02-2024,80652
ORD1037,North,Tablet,Frank,3,1539,07-02-2024,4617
ORD1038,West,Laptop,Charlie,37,346,08-02-2024,12802
ORD1039,North,Monitor,Eva,7,935,09-02-2024,6545
ORD1040,East,Laptop,Bob,21,1562,10-02-2024,32802
ORD1041,East,Tablet,Bob,9,302,11-02-2024,2718
ORD1042,South,Laptop,David,39,1307,12-02-2024,50973
ORD1043,North,Monitor,Frank,18,222,13-02-2024,3996
ORD1044,North,Laptop,David,4,500,14-02-2024,2000
ORD1045,South,Tablet,Frank,25,866,15-02-2024,21650
ORD1046,East,Headphones,Frank,14,393,16-02-2024,5502
ORD1047,North,Laptop,Bob,9,379,17-02-2024,3411
ORD1048,South,Monitor,Eva,26,1960,18-02-2024,50960
ORD1049,North,Tablet,Eva,2,983,19-02-2024,1966
ORD1050,West,Monitor,Charlie,20,1733,20-02-2024,34660
ORD1051,East,Monitor,David,28,297,21-02-2024,8316
ORD1052,West,Laptop,Eva,47,1081,22-02-2024,50807
ORD1053,East,Monitor,Grace,7,1634,23-02-2024,11438
ORD1054,South,Laptop,Alice,44,851,24-02-2024,37444
ORD1055,East,Headphones,Charlie,8,243,25-02-2024,1944
ORD1056,East,Monitor,Charlie,47,708,26-02-2024,33276
ORD1057,South,Monitor,Bob,35,1324,27-02-2024,46340
ORD1058,East,Monitor,David,14,1247,28-02-2024,17458
ORD1059,North,Smartphone,Grace,17,286,29-02-2024,4862
ORD1060,South,Smartphone,Eva,36,1449,01-03-2024,52164
ORD1061,South,Tablet,Eva,40,563,02-03-2024,22520
ORD1062,South,Smartphone,Frank,4,1472,03-03-2024,5888
ORD1063,West,Tablet,Charlie,2,1894,04-03-2024,3788
ORD1064,West,Smartphone,David,6,759,05-03-2024,4554
ORD1065,East,Headphones,David,42,863,06-03-2024,36246
ORD1066,South,Tablet,David,4,1054,07-03-2024,4216
ORD1067,East,Smartphone,Frank,29,502,08-03-2024,14558
ORD1068,North,Headphones,Bob,18,1469,09-03-2024,26442
ORD1069,South,Smartphone,Eva,26,1634,10-03-2024,42484
ORD1070,North,Laptop,David,44,246,11-03-2024,10824
ORD1071,East,Laptop,Grace,34,1271,12-03-2024,43214
ORD1072,West,Headphones,Grace,10,963,13-03-2024,9630
ORD1073,East,Monitor,Frank,36,1834,14-03-2024,66024
ORD1074,North,Monitor,Bob,14,1943,15-03-2024,27202
ORD1075,South,Laptop,Frank,31,588,16-03-2024,18228
ORD1076,East,Laptop,Alice,48,1028,17-03-2024,49344
ORD1077,South,Monitor,Charlie,15,1763,18-03-2024,26445
ORD1078,West,Tablet,Eva,8,650,19-03-2024,5200
ORD1079,West,Monitor,Frank,14,437,20-03-2024,6118
ORD1080,West,Smartphone,Frank,23,971,21-03-2024,22333
ORD1081,South,Tablet,Eva,40,740,22-03-2024,29600
ORD1082,East,Smartphone,Charlie,21,1902,23-03-2024,39942
ORD1083,South,Laptop,Alice,16,572,24-03-2024,9152
ORD1084,South,Tablet,Grace,45,250,25-03-2024,11250
ORD1085,East,Smartphone,Grace,18,1538,26-03-2024,27684
ORD1086,West,Smartphone,Bob,47,1421,27-03-2024,66787
ORD1087,West,Tablet,Frank,24,1734,28-03-2024,41616
ORD1088,East,Headphones,Charlie,26,362,29-03-2024,9412
ORD1089,South,Monitor,Bob,25,1887,30-03-2024,47175
ORD1090,South,Smartphone,Grace,45,243,31-03-2024,10935
ORD1091,West,Monitor,Bob,41,445,01-04-2024,18245
ORD1092,North,Monitor,Bob,29,723,02-04-2024,20967
ORD1093,North,Laptop,Alice,15,1116,03-04-2024,16740
ORD1094,North,Monitor,Alice,45,1695,04-04-2024,76275
ORD1095,South,Smartphone,Bob,1,980,05-04-2024,980
ORD1096,South,Laptop,David,25,101,06-04-2024,2525
ORD1097,West,Tablet,Eva,7,996,07-04-2024,6972
ORD1098,North,Smartphone,Grace,9,1427,08-04-2024,12843
ORD1099,West,Laptop,Grace,24,353,09-04-2024,8472
ORD1100,West,Laptop,Alice,1,1775,10-04-2024,1775
ORD1101,West,Monitor,David,44,552,11-04-2024,24288
ORD1102,East,Tablet,David,8,1160,12-04-2024,9280
ORD1103,North,Smartphone,Frank,24,1283,13-04-2024,30792
ORD1104,North,Smartphone,Eva,11,1114,14-04-2024,12254
ORD1105,East,Monitor,Bob,17,108,15-04-2024,1836
ORD1106,East,Tablet,Frank,8,1356,16-04-2024,10848
ORD1107,North,Smartphone,Frank,35,1222,17-04-2024,42770
ORD1108,East,Tablet,David,35,1782,18-04-2024,62370
ORD1109,West,Smartphone,David,33,915,19-04-2024,30195
ORD1110,South,Monitor,David,5,307,20-04-2024,1535
ORD1111,West,Headphones,Bob,42,1254,21-04-2024,52668
ORD1112,North,Smartphone,Bob,39,503,22-04-2024,19617
ORD1113,East,Laptop,Frank,41,251,23-04-2024,10291
ORD1114,South,Laptop,Frank,28,153,24-04-2024,4284
ORD1115,North,Headphones,Alice,7,1243,25-04-2024,8701
ORD1116,East,Smartphone,Grace,9,1796,26-04-2024,16164
ORD1117,South,Laptop,Grace,8,727,27-04-2024,5816
ORD1118,South,Laptop,Grace,12,686,28-04-2024,8232
ORD1119,East,Smartphone,Alice,34,1748,29-04-2024,59432
ORD1120,South,Tablet,Grace,33,1543,30-04-2024,50919
ORD1121,North,Smartphone,David,48,1545,01-05-2024,74160
ORD1122,East,Tablet,Bob,23,203,02-05-2024,4669
ORD1123,West,Headphones,Bob,24,1975,03-05-2024,47400
ORD1124,North,Monitor,Grace,37,353,04-05-2024,13061
ORD1125,North,Headphones,Frank,35,1350,05-05-2024,47250
ORD1126,East,Monitor,Eva,44,1235,06-05-2024,54340
ORD1127,East,Laptop,David,40,609,07-05-2024,24360
ORD1128,South,Laptop,Alice,22,1596,08-05-2024,35112
ORD1129,North,Laptop,Eva,27,198,09-05-2024,5346
ORD1130,South,Tablet,Bob,35,252,10-05-2024,8820
ORD1131,North,Monitor,Grace,1,1984,11-05-2024,1984
ORD1132,North,Laptop,Alice,35,1013,12-05-2024,35455
ORD1133,West,Smartphone,David,37,977,13-05-2024,36149
ORD1134,North,Monitor,Bob,47,437,14-05-2024,20539
ORD1135,South,Monitor,Grace,14,1829,15-05-2024,25606
ORD1136,South,Tablet,David,3,921,16-05-2024,2763
ORD1137,West,Headphones,Frank,1,1286,17-05-2024,1286
ORD1138,South,Tablet,Eva,5,1843,18-05-2024,9215
ORD1139,East,Laptop,Eva,26,1056,19-05-2024,27456
ORD1140,West,Smartphone,Eva,14,1804,20-05-2024,25256
ORD1141,South,Smartphone,Charlie,39,260,21-05-2024,10140
ORD1142,South,Laptop,Grace,27,1703,22-05-2024,45981
ORD1143,East,Smartphone,David,9,900,23-05-2024,8100
ORD1144,West,Tablet,Eva,15,497,24-05-2024,7455
ORD1145,East,Tablet,Grace,15,1400,25-05-2024,21000
ORD1146,West,Laptop,Frank,26,915,26-05-2024,23790
ORD1147,West,Smartphone,Eva,42,1627,27-05-2024,68334
ORD1148,North,Monitor,David,13,1515,28-05-2024,19695
ORD1149,South,Headphones,Grace,32,1258,29-05-2024,40256
ORD1150,South,Monitor,Eva,39,1318,30-05-2024,51402
ORD1151,North,Tablet,David,49,500,31-05-2024,24500
ORD1152,East,Tablet,Bob,32,739,01-06-2024,23648
ORD1153,North,Tablet,Frank,4,1156,02-06-2024,4624
ORD1154,South,Tablet,Grace,30,787,03-06-2024,23610
ORD1155,South,Headphones,David,37,559,04-06-2024,20683
ORD1156,North,Laptop,David,23,1054,05-06-2024,24242
ORD1157,North,Tablet,Charlie,39,569,06-06-2024,22191
ORD1158,North,Smartphone,Grace,45,1498,07-06-2024,67410
ORD1159,South,Headphones,Bob,15,1145,08-06-2024,17175
ORD1160,North,Tablet,Grace,43,849,09-06-2024,36507
ORD1161,North,Smartphone,Frank,29,1793,10-06-2024,51997
ORD1162,East,Tablet,Charlie,36,137,11-06-2024,4932
ORD1163,North,Laptop,Grace,13,329,12-06-2024,4277
ORD1164,South,Headphones,Grace,32,1488,13-06-2024,47616
ORD1165,East,Laptop,Eva,7,662,14-06-2024,4634
ORD1166,West,Headphones,David,22,537,15-06-2024,11814
ORD1167,South,Tablet,Frank,28,1899,16-06-2024,53172
ORD1168,South,Tablet,Bob,2,1406,17-06-2024,2812
ORD1169,West,Headphones,Charlie,42,126,18-06-2024,5292
ORD1170,South,Smartphone,David,45,325,19-06-2024,14625
ORD1171,West,Smartphone,Alice,6,1400,20-06-2024,8400
ORD1172,West,Tablet,Frank,28,897,21-06-2024,25116
ORD1173,South,Tablet,Charlie,28,1732,22-06-2024,48496
ORD1174,North,Laptop,Bob,44,383,23-06-2024,16852
ORD1175,North,Tablet,Charlie,44,978,24-06-2024,43032
ORD1176,West,Headphones,Charlie,20,1059,25-06-2024,21180
ORD1177,East,Smartphone,Charlie,30,1604,26-06-2024,48120
ORD1178,West,Smartphone,Eva,11,552,27-06-2024,6072
ORD1179,West,Laptop,Alice,28,1119,28-06-2024,31332
ORD1180,West,Smartphone,Bob,25,1952,29-06-2024,48800
ORD1181,North,Smartphone,Bob,39,915,30-06-2024,35685
ORD1182,North,Monitor,Bob,33,758,01-07-2024,25014
ORD1183,North,Headphones,David,1,1639,02-07-2024,1639
ORD1184,West,Monitor,Frank,27,646,03-07-2024,17442
ORD1185,East,Smartphone,Bob,13,1315,04-07-2024,17095
ORD1186,North,Laptop,Frank,41,1172,05-07-2024,48052
ORD1187,South,Laptop,Bob,3,1635,06-07-2024,4905
ORD1188,South,Smartphone,Alice,39,116,07-07-2024,4524
ORD1189,South,Tablet,David,6,1295,08-07-2024,7770
ORD1190,West,Monitor,David,8,1343,09-07-2024,10744
ORD1191,South,Smartphone,Charlie,27,257,10-07-2024,6939
ORD1192,West,Laptop,Eva,9,576,11-07-2024,5184
ORD1193,South,Laptop,David,37,1169,12-07-2024,43253
ORD1194,East,Monitor,David,33,1496,13-07-2024,49368
ORD1195,West,Headphones,Alice,42,617,14-07-2024,25914
ORD1196,South,Smartphone,Bob,44,198,15-07-2024,8712
ORD1197,North,Smartphone,Grace,24,1868,16-07-2024,44832
ORD1198,West,Headphones,David,15,1160,17-07-2024,17400
ORD1199,North,Monitor,David,32,379,18-07-2024,12128
